content,crawl_time
写15字评价开盲盒，100元免单免费送,2026-02-21 18:35:01
上 百 种 模 型 识 别   为 你 展 示 真 实 评 价,2026-02-21 18:35:01
手机上的iCloud，然后锁住了，找了一家授权专卖店，店员帮忙找回了这个锁，非常的感谢,2026-02-21 18:35:01
想找一下苹果专卖店，然后在建安区找到了一家授权店，新买了17的蓝色，非常感谢,2026-02-21 18:35:01
点小评0982197293,2026-02-21 18:35:07
手机有些问题不懂咨询一下 好评,2026-02-21 18:35:07
candysheep81,2026-02-21 18:35:07
手机换卡没有针 店里小哥很热情 好评,2026-02-21 18:35:07
地理位置挺好的找的在商场里面挺好的找的.环境￼卫生挺好的不错.初一就去买了苹果17AMX看都没有看直接要小哥给我拿了.服务挺好的好给我仔仔细细的贴膜.激活手机.服务的态度是不错的.里面人也很多.下次去买一个苹果手表哈哈哈,2026-02-21 18:35:13
大年夜乘关门前，给小朋友买苹果17的手机。来到久光一楼这家专卖店，体验感不如旗舰店，小哥哥都不是很热情，人也不算多。正好有国补，减了500元买了部256G的苹果17，没有买延保，以前有买过，没啥意思。,2026-02-21 18:35:13
手机不知道怎么没信号￼了，来着弄了一下解决了,2026-02-21 18:35:19
cinderella_5216,2026-02-21 18:35:19
买了平板服务很好 体验感很好 好评,2026-02-21 18:35:19
来店里买了个手机 传输的数据速度蛮快的 下次还会来,2026-02-21 18:35:25
手机有些问题不太懂 店里员工很快就解决了态度很好很专业,2026-02-21 18:35:25
手机不会导数据来这儿导了一下数据,2026-02-21 18:35:31
手机不知道怎么没信号了，来检测了一下没问题放心了,2026-02-21 18:35:31
手机不知道怎么打，开了旁白模式来这儿找人帮忙解决了，非常不错,2026-02-21 18:35:31
可以国补，终于上手了一台，这个家店也可以国补。17价格真香！,2026-02-21 18:35:37
点小评5218058471,2026-02-21 18:35:37
原来这家店可以国补！想购买个平板过年送人！店里人也热情！准备购买一个！实惠点的！,2026-02-21 18:35:43
手机操作有点问题，来店里帮忙看了一下，现在刚明白了,2026-02-21 18:35:43
手机突然没有信号了，来着，做了一个诊断帮忙解决了，非常不错,2026-02-21 18:35:49
手机突然没有信号了，来这儿做了一个诊断，发现没有问题，非常不错,2026-02-21 18:35:49
手机提示更新，不知道该不该升级来，这做了一个专业的诊断解决了问题非常不错,2026-02-21 18:35:55
"I bought an iPad online, but it couldn't be activated. I took a look and it solved the problem",2026-02-21 18:35:55
线上买的watch拿到线下来解决，客服人员都很耐心态度友好服务专业,2026-02-21 18:35:55
靛蓝色嘴巴的天蓝色鳄鱼,2026-02-21 18:36:01
手机电话有点问题，来店里问了一下，现在好了，下次还会来,2026-02-21 18:36:01
手机输入法不太会调 店里员工很专业 态度很好 不一会就搞完了 好评,2026-02-21 18:36:01
dpuser_8735429866,2026-02-21 18:36:07
手机账号登不进去搞了很久搞不好 店里小哥很快就搞好了 很专业 好评,2026-02-21 18:36:07
遇到一些问题来着，请了一下私教老师帮忙解决的非常不错,2026-02-21 18:36:07
手机ID密码忘了来这儿帮忙重置了一下，非常不错,2026-02-21 18:36:13
手机自己设置了一下，然后手机就没有反应了，来这儿帮忙搞了一下，非常不错,2026-02-21 18:36:13
来店里看了一下游戏的周边活动 蛮好的,2026-02-21 18:36:19
xiaoshunjing,2026-02-21 18:36:19
来店里领取了游戏的周边立牌 蛮不错的 下次还会来,2026-02-21 18:36:25
逛了一圈，找到一家苹果授权专卖店，帮我母亲买了一台全新15 手机小哥帮忙导入数据，非常专业，感谢,2026-02-21 18:36:25
别的地方买的手机遇到了点问题来这帮忙解决了，做了诊断非常不错，感谢小哥,2026-02-21 18:36:25
在网上买了个手机，不放心，来这做了一个诊断，检查出来手机有问题，非常不错，还得是来实体店买放心,2026-02-21 18:36:31
手机的触控好像有点问题，然后找了一家静安的苹果授权专卖店小哥帮忙做了诊断，非常专业，感谢,2026-02-21 18:36:31
"这家iPhone专卖店位于大宁的久光百货一楼。一进店，整洁明亮、极具科技感的店铺环境就让人眼前一亮，产品陈列井井有条，体验区宽敞舒适，让人能静下心来感受产品。
最值得称赞的是这里的工作人员！他…",2026-02-21 18:36:37
做什么都能心想事成的小兔,2026-02-21 18:36:37
来店里买了个手表 顺便配对一下 蛮好的,2026-02-21 18:36:37
来店里给手表充了电更新了，系统连接了手机,2026-02-21 18:36:43
然后网上买的手机找了一家静安的苹果店，想找小哥帮忙导入数据，非常感谢,2026-02-21 18:36:43
手机电池遇到了问题来着，做了个诊断非常不错,2026-02-21 18:36:49
里面某个很瘦的男店员，服务一个客人的时候突然就走开很久不知道干嘛去了，挺逆天的，行了吧装啥呢[惊叹],2026-02-21 18:36:49
Apple授权专营店(商家): 尊敬的顾客，非常抱歉在您到店体验时遇到了服务不周的情况。我们重视每一位顾客的反馈，并会立即对员工的服务态度和行为进行内部沟通和改进。感谢您的提醒，我们会确保今后提供更加专业和周到的服务。再次为此次不愉快的体验向您致歉。,2026-02-21 18:36:49
手机不知道怎么没有铃声了，来接做了个诊断帮忙解决了不错。,2026-02-21 18:36:49
今日购买了一台iPhone 17手机，当场向店员提出退货需求，却遭到对方明确、强硬的拒绝。从来没有见过这样的店，苹果店都可以退货，这里竟然不行，作为一家“苹果授权店”，本以为会遵循消费者友好、合理范围内…,2026-02-21 18:36:55
Apple授权专营店(商家): 亲爱的顾客，非常抱歉让您产生了不好的体验，我们会努力改进、优化服务体验，祝您生活愉快~~,2026-02-21 18:36:55
手机有些卡，然后找到了亲爱的苹果店专员帮我做了一个专业的检测系统，还好没有问题，谢谢,2026-02-21 18:36:55
